country	HR	RS
HR	0.0	0.07416
RS	0.07416	0.0
