country	HR	RS
HR	0.0	0.01317
RS	0.01317	0.0
